{
  "data": [
      {
          "doc": "BELL (Opus)",
          "icon": "mdi-chart-bell-curve-cumulative",
          "color": "#991b1b",
          "time": 0
      },
      {
          "doc": "Bell: Consulting ",
          "icon": "mdi-helicopter",
          "color": "#c2410c",
          "time": 0
      },
      {
          "doc": "Business Development & Marketing",
          "icon": "mdi-handshake-outline",
          "color": "#14532d",
          "time": 0
      },
      {
          "doc": "Customer Support",
          "icon": "mdi-face-agent",
          "color": "#134e4a",
          "time": 0
      },
      {
          "doc": "Ski Atomics: Customer Support",
          "icon": "mdi-atom",
          "color": "#1e40af",
          "time": 0
      },
      {
          "doc": "JPO: Application",
          "icon": "mdi-airplane-alert",
          "color": "#3730a3",
          "time": 0
      },
      {
          "doc": "JPO: JSF",
          "icon": "mdi-airplane",
          "color": "#6d28d9",
          "time": 0
      },
      {
          "doc": "Overhead",
          "icon": "business",
          "color": "#7e22ce",
          "time": 0
      },
      {
          "doc": "Training",
          "icon": "school",
          "color": "#a21caf",
          "time": 0
      },
      {
          "doc": "Trident Systems: Trident",
          "icon": "mdi-ferry",
          "color": "#be185d",
          "time": 0
      },
      {
          "doc": "US Army: Army Technical",
          "icon": "mdi-wrench",
          "color": "#f43f5e",
          "time": 0
      }
  ]
}